Product ID,Category,Name,Brand,Price/RS,Expiry Date,Supplier,supplier ph No:,supplier Email:,Stock Quantity,Block Name,Rack No,Session,Discount%
P001,Vegetables,Brinjal Fresh Farm,Fresh Farm,164,24-01-2027,Own Farm,9855091008,abctraders@suppliermail.com,178,A,1,Fresh Products,10
P002,Vegetables,Brinjal Fresh Farm,Fresh Farm,181,22-01-2027,Own Farm,9892238539,novasuppliers@suppliermail.com,285,A,1,Fresh Products,10
P003,Vegetables,Carrot Fresh Farm,Fresh Farm,934,16-08-2027,Own Farm,9891117870,greenfarms@suppliermail.com,74,A,1,Fresh Products,10
P004,Vegetables,Tomato Fresh Farm,Fresh Farm,54,06-04-2027,Own Farm,9877116835,citywholesale@suppliermail.com,91,A,1,Fresh Products,10
P005,Vegetables,Beans Fresh Farm,Fresh Farm,942,28-03-2027,Own Farm,9844259721,novasuppliers@suppliermail.com,123,A,1,Fresh Products,10
P006,Vegetables,Cabbage Fresh Farm,Fresh Farm,816,17-12-2027,Own Farm,9821856203,abctraders@suppliermail.com,233,A,1,Fresh Products,10
P007,Vegetables,Ladies Finger Fresh Farm,Fresh Farm,551,13-08-2027,Own Farm,9849584458,citywholesale@suppliermail.com,58,A,1,Fresh Products,10
P008,Vegetables,Beetroot Fresh Farm,Fresh Farm,434,14-05-2027,Own Farm,9899230313,freshfoods@suppliermail.com,396,A,1,Fresh Products,10
P009,Vegetables,Carrot Fresh Farm,Fresh Farm,667,13-07-2027,Own Farm,9854912522,citywholesale@suppliermail.com,166,A,1,Fresh Products,10
P010,Vegetables,Carrot Fresh Farm,Fresh Farm,932,08-04-2027,Own Farm,9885228669,southagro@suppliermail.com,230,A,1,Fresh Products,10
P011,Vegetables,Ladies Finger Fresh Farm,Fresh Farm,952,22-04-2027,Own Farm,9833756816,greenfarms@suppliermail.com,186,A,1,Fresh Products,10
P012,Vegetables,Potato Fresh Farm,Fresh Farm,545,08-04-2027,Own Farm,9878418026,greenfarms@suppliermail.com,281,A,1,Fresh Products,10
P013,Fruits,Pineapple Fresh Farm,Fresh Farm,487,25-08-2027,Own Farm,9830488693,greenfarms@suppliermail.com,484,A,2,Fresh Products,10
P014,Fruits,Pear Fresh Farm,Fresh Farm,761,04-02-2027,Own Farm,9830728329,novasuppliers@suppliermail.com,48,A,2,Fresh Products,10
P015,Fruits,Kiwi Fresh Farm,Fresh Farm,151,25-04-2027,Own Farm,9856119724,novasuppliers@suppliermail.com,44,A,2,Fresh Products,10
P016,Fruits,Grapes Fresh Farm,Fresh Farm,540,25-08-2027,Own Farm,9815901047,southagro@suppliermail.com,132,A,2,Fresh Products,10
P017,Fruits,Pear Fresh Farm,Fresh Farm,820,01-10-2027,Own Farm,9847185240,citywholesale@suppliermail.com,244,A,2,Fresh Products,10
P018,Fruits,Grapes Fresh Farm,Fresh Farm,122,22-06-2027,Own Farm,9817221708,abctraders@suppliermail.com,413,A,2,Fresh Products,10
P019,Fruits,Guava Fresh Farm,Fresh Farm,312,14-05-2027,Own Farm,9853771950,novasuppliers@suppliermail.com,134,A,2,Fresh Products,10
P020,Fruits,Papaya Fresh Farm,Fresh Farm,758,24-09-2027,Own Farm,9848595929,greenfarms@suppliermail.com,395,A,2,Fresh Products,10
P021,Fruits,Kiwi Fresh Farm,Fresh Farm,950,13-11-2027,Own Farm,9821999178,novasuppliers@suppliermail.com,286,A,2,Fresh Products,10
P022,Fruits,Apple Fresh Farm,Fresh Farm,692,14-02-2027,Own Farm,9838823800,greenfarms@suppliermail.com,387,A,2,Fresh Products,10
P023,Fruits,Orange Fresh Farm,Fresh Farm,141,09-12-2027,Own Farm,9845092872,greenfarms@suppliermail.com,263,A,2,Fresh Products,10
P024,Atta,Whole Wheat Atta Aashirvaad,Aashirvaad,430,27-01-2027,City Wholesale,9849225871,citywholesale@suppliermail.com,203,A,3,Flours & Grains,10
P025,Atta,Whole Wheat Atta Aashirvaad,Aashirvaad,574,11-06-2027,Fresh Foods,9815138082,freshfoods@suppliermail.com,112,A,3,Flours & Grains,10
P026,Atta,Ragi Flour Premium,Premium,479,21-06-2027,Fresh Foods,9878583943,freshfoods@suppliermail.com,118,A,3,Flours & Grains,10
P027,Atta,Whole Wheat Atta Amul,Amul,746,03-05-2027,City Wholesale,9829916428,citywholesale@suppliermail.com,143,A,3,Flours & Grains,10
P028,Atta,Maida Aashirvaad,Aashirvaad,547,15-09-2027,Nova Suppliers,9869781006,novasuppliers@suppliermail.com,21,A,3,Flours & Grains,10
P029,Atta,Maida Amul,Amul,621,18-08-2027,Green Farms,9815924562,greenfarms@suppliermail.com,246,A,3,Flours & Grains,10
P030,Dal,Toor Dal Premium,Premium,420,14-02-2027,South Agro,9835889516,southagro@suppliermail.com,439,A,3,Flours & Grains,10
P031,Dal,Moong Dal Premium,Premium,567,02-06-2027,Nova Suppliers,9886149585,novasuppliers@suppliermail.com,368,A,3,Flours & Grains,10
P032,Dal,Toor Dal Aashirvaad,Aashirvaad,999,11-04-2027,Nova Suppliers,9882205703,novasuppliers@suppliermail.com,113,A,3,Flours & Grains,10
P033,Dal,Urad Dal SmartBuy,SmartBuy,158,25-06-2027,Fresh Foods,9873001215,freshfoods@suppliermail.com,303,A,3,Flours & Grains,10
P034,Dal,Masoor Dal Naga,Naga,660,12-01-2027,Fresh Foods,9828863207,freshfoods@suppliermail.com,47,A,3,Flours & Grains,10
P035,Dal,Urad Dal Fresh Farm,Fresh Farm,133,20-11-2027,Green Farms,9825186499,greenfarms@suppliermail.com,238,A,3,Flours & Grains,10
P036,Dal,Masoor Dal Aashirvaad,Aashirvaad,743,21-08-2027,Fresh Foods,9819966120,freshfoods@suppliermail.com,348,A,3,Flours & Grains,10
P037,Rice,Sona Masoori Classic,Classic,213,14-09-2027,City Wholesale,9843800816,citywholesale@suppliermail.com,323,B,4,Rice,10
P038,Rice,Brown Rice Daily Choice,Daily Choice,850,12-09-2027,ABC Traders,9849908980,abctraders@suppliermail.com,351,B,4,Rice,10
P039,Rice,Basmati Rice Royal,Royal,990,23-12-2027,Green Farms,9846628045,greenfarms@suppliermail.com,364,B,4,Rice,10
P040,Rice,Sona Masoori Amul,Amul,197,09-04-2027,ABC Traders,9880772916,abctraders@suppliermail.com,334,B,4,Rice,10
P041,Rice,Ponni Rice SmartBuy,SmartBuy,491,03-03-2027,Green Farms,9881106154,greenfarms@suppliermail.com,394,B,4,Rice,10
P042,Rice,Brown Rice Fresh Farm,Fresh Farm,385,02-09-2027,City Wholesale,9811169137,citywholesale@suppliermail.com,53,B,4,Rice,10
P043,Rice,Ponni Rice SmartBuy,SmartBuy,485,28-08-2027,City Wholesale,9887929624,citywholesale@suppliermail.com,147,B,4,Rice,10
P044,Rice,Sona Masoori Premium,Premium,496,18-10-2027,Fresh Foods,9823300065,freshfoods@suppliermail.com,363,B,4,Rice,10
P045,Cooking oil,Coconut Oil Daily Choice,Daily Choice,989,28-04-2027,Nova Suppliers,9849732231,novasuppliers@suppliermail.com,73,B,4,Cooking Oils,10
P046,Cooking oil,Coconut Oil Naga,Naga,815,08-03-2027,Fresh Foods,9819621028,freshfoods@suppliermail.com,356,B,4,Cooking Oils,10
P047,Cooking oil,Sunflower Oil Daily Choice,Daily Choice,402,26-12-2027,Fresh Foods,9814736831,freshfoods@suppliermail.com,345,B,4,Cooking Oils,10
P048,Cooking oil,Coconut Oil Fresh Farm,Fresh Farm,765,20-08-2027,Fresh Foods,9856372098,freshfoods@suppliermail.com,296,B,4,Cooking Oils,10
P049,Cooking oil,Coconut Oil Naga,Naga,341,18-05-2027,Fresh Foods,9819350998,freshfoods@suppliermail.com,256,B,4,Cooking Oils,10
P050,Cooking oil,Coconut Oil Daily Choice,Daily Choice,126,15-02-2027,Green Farms,9851124114,greenfarms@suppliermail.com,260,B,4,Cooking Oils,10
P051,Cooking oil,Rice Bran Oil Naga,Naga,393,24-03-2027,City Wholesale,9843132948,citywholesale@suppliermail.com,129,B,4,Cooking Oils,10
P052,Cooking oil,Sesame Oil Fresh Farm,Fresh Farm,320,12-09-2027,ABC Traders,9841604348,abctraders@suppliermail.com,100,B,4,Cooking Oils,10
P053,Masala,Turmeric Naga,Naga,533,11-04-2027,South Agro,9887562172,southagro@suppliermail.com,418,B,5,Recipe & Masalas,10
P054,Masala,Garam Masala Premium,Premium,161,21-08-2027,Nova Suppliers,9892295286,novasuppliers@suppliermail.com,220,B,5,Recipe & Masalas,10
P055,Masala,Turmeric Amul,Amul,538,19-08-2027,ABC Traders,9813769670,abctraders@suppliermail.com,26,B,5,Recipe & Masalas,10
P056,Masala,Pepper Fortune,Fortune,356,22-01-2027,Fresh Foods,9886733905,freshfoods@suppliermail.com,300,B,5,Recipe & Masalas,10
P057,Masala,Coriander Powder Premium,Premium,999,28-01-2027,Fresh Foods,9824853880,freshfoods@suppliermail.com,453,B,5,Recipe & Masalas,10
P058,Masala,Garam Masala Fresh Farm,Fresh Farm,848,17-04-2027,ABC Traders,9869649350,abctraders@suppliermail.com,307,B,5,Recipe & Masalas,10
P059,Masala,Turmeric Daily Choice,Daily Choice,950,22-12-2027,Green Farms,9844071250,greenfarms@suppliermail.com,382,B,5,Recipe & Masalas,10
P060,Masala,Coriander Powder Premium,Premium,387,22-07-2027,Nova Suppliers,9872779445,novasuppliers@suppliermail.com,422,B,5,Recipe & Masalas,10
P061,Masala,Garam Masala Amul,Amul,166,18-10-2027,City Wholesale,9878567128,citywholesale@suppliermail.com,101,B,5,Recipe & Masalas,10
P062,Masala,Turmeric Fresh Farm,Fresh Farm,567,28-05-2027,Green Farms,9814782325,greenfarms@suppliermail.com,281,B,5,Recipe & Masalas,10
P063,Masala,Coriander Powder Classic,Classic,199,17-02-2027,City Wholesale,9812102002,citywholesale@suppliermail.com,332,B,5,Recipe & Masalas,10
P064,Masala,Pepper Premium,Premium,575,04-05-2027,ABC Traders,9810518104,abctraders@suppliermail.com,164,B,5,Recipe & Masalas,10
P065,Masala,Pepper Classic,Classic,605,23-11-2027,Fresh Foods,9813885825,freshfoods@suppliermail.com,328,B,5,Recipe & Masalas,10
P066,Masala,Chilli Powder Naga,Naga,462,16-02-2027,South Agro,9891645763,southagro@suppliermail.com,87,B,5,Recipe & Masalas,10
P067,Masala,Turmeric Fortune,Fortune,145,11-02-2027,South Agro,9898943599,southagro@suppliermail.com,448,B,5,Recipe & Masalas,10
P068,Masala,Coriander Powder SmartBuy,SmartBuy,904,01-04-2027,Fresh Foods,9863790024,freshfoods@suppliermail.com,401,B,5,Recipe & Masalas,10
P069,Masala,Turmeric Daily Choice,Daily Choice,346,28-08-2027,Fresh Foods,9835872973,freshfoods@suppliermail.com,371,B,5,Recipe & Masalas,10
P070,Masala,Chilli Powder Fresh Farm,Fresh Farm,662,08-06-2027,ABC Traders,9886438745,abctraders@suppliermail.com,145,B,5,Recipe & Masalas,10
P071,Masala,Pepper Amul,Amul,56,12-05-2027,City Wholesale,9850649318,citywholesale@suppliermail.com,188,B,5,Recipe & Masalas,10
P072,Masala,Coriander Powder Naga,Naga,46,19-11-2027,City Wholesale,9811977720,citywholesale@suppliermail.com,177,B,5,Recipe & Masalas,10
P073,Masala,Turmeric Fresh Farm,Fresh Farm,332,12-02-2027,ABC Traders,9874342519,abctraders@suppliermail.com,324,B,5,Recipe & Masalas,10
P074,Eggs,Country Eggs Fortune,Fortune,189,25-05-2027,City Wholesale,9865276716,citywholesale@suppliermail.com,328,B,5,Eggs,10
P075,Eggs,Farm Eggs Fortune,Fortune,552,11-02-2027,City Wholesale,9879372012,citywholesale@suppliermail.com,256,B,5,Eggs,10
P076,Eggs,Brown Eggs Naga,Naga,441,05-07-2027,South Agro,9851431988,southagro@suppliermail.com,354,B,5,Eggs,10
P077,Eggs,Country Eggs Fortune,Fortune,183,05-03-2027,Green Farms,9878300179,greenfarms@suppliermail.com,406,B,5,Eggs,10
P078,Eggs,Brown Eggs Premium,Premium,550,05-08-2027,City Wholesale,9870845319,citywholesale@suppliermail.com,54,B,5,Eggs,10
P079,Eggs,Brown Eggs Naga,Naga,315,27-06-2027,South Agro,9895739888,southagro@suppliermail.com,412,B,5,Eggs,10
P080,Eggs,Brown Eggs Fresh Farm,Fresh Farm,553,22-04-2027,Nova Suppliers,9879077094,novasuppliers@suppliermail.com,80,B,5,Eggs,10
P081,Sauces,Soy Sauce Aashirvaad,Aashirvaad,528,20-08-2027,Green Farms,9864186983,greenfarms@suppliermail.com,335,C,6,Hot Sauces ,10
P082,Sauces,Pizza Sauce Naga,Naga,690,01-01-2027,City Wholesale,9852961199,citywholesale@suppliermail.com,282,C,6,Hot Sauces ,10
P083,Sauces,Tomato Ketchup SmartBuy,SmartBuy,885,18-06-2027,Fresh Foods,9890964024,freshfoods@suppliermail.com,486,C,6,Hot Sauces ,10
P084,Sauces,Pizza Sauce SmartBuy,SmartBuy,221,08-07-2027,Nova Suppliers,9814098958,novasuppliers@suppliermail.com,402,C,6,Hot Sauces ,10
P085,Sauces,Chilli Sauce Fresh Farm,Fresh Farm,357,02-12-2027,Nova Suppliers,9897292135,novasuppliers@suppliermail.com,55,C,6,Hot Sauces ,10
P086,Sauces,Chilli Sauce Naga,Naga,682,14-03-2027,ABC Traders,9856044308,abctraders@suppliermail.com,408,C,6,Hot Sauces ,10
P087,Sauces,Tomato Ketchup Fresh Farm,Fresh Farm,85,11-03-2027,ABC Traders,9862640907,abctraders@suppliermail.com,217,C,6,Hot Sauces ,10
P088,Sauces,Tomato Ketchup Fresh Farm,Fresh Farm,467,11-12-2027,Fresh Foods,9868651437,freshfoods@suppliermail.com,137,C,6,Hot Sauces ,10
P089,Sauces,Pizza Sauce Premium,Premium,570,10-10-2027,Green Farms,9870963311,greenfarms@suppliermail.com,308,C,6,Hot Sauces ,10
P090,Sauces,Pizza Sauce Royal,Royal,647,26-04-2027,South Agro,9838637640,southagro@suppliermail.com,212,C,6,Hot Sauces ,10
P091,Sauces,Tomato Ketchup Amul,Amul,295,17-06-2027,City Wholesale,9812964403,citywholesale@suppliermail.com,441,C,6,Hot Sauces ,10
P092,Dry Fruits,Fig Royal,Royal,688,10-02-2027,Nova Suppliers,9879886664,novasuppliers@suppliermail.com,159,C,6,Superfoods,10
P093,Dry Fruits,Raisins Naga,Naga,496,17-04-2027,ABC Traders,9816742048,abctraders@suppliermail.com,250,C,6,Superfoods,10
P094,Dry Fruits,Raisins Naga,Naga,199,07-04-2027,South Agro,9874535885,southagro@suppliermail.com,291,C,6,Superfoods,10
P095,Dry Fruits,Apricot Amul,Amul,635,27-06-2027,City Wholesale,9828547083,citywholesale@suppliermail.com,134,C,6,Superfoods,10
P096,Dry Fruits,Dates Fresh Farm,Fresh Farm,89,20-06-2027,Green Farms,9899698952,greenfarms@suppliermail.com,109,C,6,Superfoods,10
P097,Dry Fruits,Fig Royal,Royal,840,23-02-2027,Fresh Foods,9864494491,freshfoods@suppliermail.com,342,C,6,Superfoods,10
P098,Dry Fruits,Apricot SmartBuy,SmartBuy,541,15-05-2027,ABC Traders,9898264123,abctraders@suppliermail.com,135,C,6,Superfoods,10
P099,Dry Fruits,Raisins Fortune,Fortune,773,25-08-2027,ABC Traders,9815777133,abctraders@suppliermail.com,321,C,6,Superfoods,10
P100,Dry Fruits,Apricot Fresh Farm,Fresh Farm,402,27-01-2027,Fresh Foods,9870116346,freshfoods@suppliermail.com,412,C,6,Superfoods,10
P101,Nuts,Almond,Royal,705,24-08-2027,City Wholesale,9832702326,citywholesale@suppliermail.com,127,C,6,Superfoods,10
P102,Nuts,Almond,Premium,352,02-10-2027,City Wholesale,9884514639,citywholesale@suppliermail.com,401,C,6,Superfoods,10
P103,Nuts,Cashew,Royal,960,13-09-2027,Green Farms,9867586002,greenfarms@suppliermail.com,111,C,6,Superfoods,10
P104,Nuts,Pistachio,Fresh Farm,287,16-04-2027,City Wholesale,9845888531,citywholesale@suppliermail.com,214,C,6,Superfoods,10
P105,Nuts,Cashew,SmartBuy,615,14-05-2027,South Agro,9824018510,southagro@suppliermail.com,93,C,6,Superfoods,10
P106,Nuts,Walnut,SmartBuy,589,08-04-2027,South Agro,9873945567,southagro@suppliermail.com,48,C,6,Superfoods,10
P107,Nuts,Pistachio,Premium,251,26-02-2027,Fresh Foods,9857829750,freshfoods@suppliermail.com,440,C,6,Superfoods,10
P108,Instant Foods,Noodles,Daily Choice,304,03-06-2027,Nova Suppliers,9852620870,novasuppliers@suppliermail.com,87,C,6,Ready-to-Eat ,10
P109,Instant Foods,Upma Mix,Premium,905,21-09-2027,City Wholesale,9846439056,citywholesale@suppliermail.com,271,C,6,Ready-to-Eat ,10
P110,Instant Foods,Soup Mix,Classic,162,23-02-2027,City Wholesale,9864769455,citywholesale@suppliermail.com,401,C,6,Ready-to-Eat ,10
P111,Instant Foods,Soup Mix,Premium,923,06-08-2027,City Wholesale,9879568475,citywholesale@suppliermail.com,428,C,6,Ready-to-Eat ,10
P112,Instant Foods,Noodles,Classic,370,07-07-2027,ABC Traders,9879018182,abctraders@suppliermail.com,45,C,6,Ready-to-Eat ,10
P113,Instant Foods,Pasta,Amul,474,06-07-2027,ABC Traders,9896242843,abctraders@suppliermail.com,48,C,6,Ready-to-Eat ,10
P114,Instant Foods,Upma Mix,Aashirvaad,562,03-01-2027,City Wholesale,9899667590,citywholesale@suppliermail.com,355,C,6,Ready-to-Eat ,10
P115,Instant Foods,Soup Mix,Classic,898,28-04-2027,City Wholesale,9829877280,citywholesale@suppliermail.com,78,C,6,Ready-to-Eat ,10
P116,Instant Foods,Soup Mix,Aashirvaad,147,04-03-2027,City Wholesale,9830048883,citywholesale@suppliermail.com,250,C,6,Ready-to-Eat ,10
P117,Instant Foods,Pasta,Fortune,665,12-01-2027,Nova Suppliers,9881599493,novasuppliers@suppliermail.com,419,C,6,Ready-to-Eat ,10
P118,Instant Foods,Upma Mix,SmartBuy,311,08-01-2027,ABC Traders,9899782748,abctraders@suppliermail.com,58,C,6,Ready-to-Eat ,10
P119,Instant Foods,Upma Mix,Premium,141,22-03-2027,Nova Suppliers,9833834945,novasuppliers@suppliermail.com,210,C,6,Ready-to-Eat ,10
P120,Women's Napkins,XL Pads,Classic,54,20-07-2027,South Agro,9827832419,southagro@suppliermail.com,120,D,7,Sanitary Pads,10
P121,Women's Napkins,Regular Pads,Aashirvaad,711,17-08-2027,ABC Traders,9872563247,abctraders@suppliermail.com,61,D,7,Sanitary Pads,10
P122,Women's Napkins,Regular Pads,Classic,463,23-01-2027,ABC Traders,9835754944,abctraders@suppliermail.com,315,D,7,Sanitary Pads,10
P123,Women's Napkins,XL Pads,Premium,195,07-02-2027,South Agro,9898398807,southagro@suppliermail.com,49,D,7,Sanitary Pads,10
P124,Women's Napkins,XL Pads,SmartBuy,898,04-03-2027,Fresh Foods,9868715359,freshfoods@suppliermail.com,46,D,7,Sanitary Pads,10
P125,Women's Napkins,XL Pads,Aashirvaad,633,01-03-2027,ABC Traders,9899910425,abctraders@suppliermail.com,424,D,7,Sanitary Pads,10
P126,Women's Napkins,Night Pads,Fresh Farm,122,03-02-2027,Nova Suppliers,9880303056,novasuppliers@suppliermail.com,198,D,7,Sanitary Pads,10
P127,Women's Napkins,Night Pads,Daily Choice,261,17-10-2027,ABC Traders,9861137042,abctraders@suppliermail.com,24,D,7,Sanitary Pads,10
P128,Women's Napkins,Regular Pads,Fortune,715,07-10-2027,Fresh Foods,9853865796,freshfoods@suppliermail.com,495,D,7,Sanitary Pads,10
P129,Pharma,Paracetamol,Amul,658,11-02-2027,Nova Suppliers,9821424547,novasuppliers@suppliermail.com,216,D,7,First Aid Essentials,10
P130,Pharma,Bandage,Premium,518,15-03-2027,Fresh Foods,9867324623,freshfoods@suppliermail.com,317,D,7,First Aid Essentials,10
P131,Pharma,Bandage,Royal,891,14-12-2027,City Wholesale,9826382962,citywholesale@suppliermail.com,26,D,7,First Aid Essentials,10
P132,Pharma,Bandage,Royal,509,22-05-2027,City Wholesale,9842322150,citywholesale@suppliermail.com,289,D,7,First Aid Essentials,10
P133,Pharma,Antiseptic,Amul,151,20-05-2027,City Wholesale,9826303593,citywholesale@suppliermail.com,404,D,7,First Aid Essentials,10
P134,Biscuits,Good Day,Royal,388,17-07-2027,Green Farms,9830398861,greenfarms@suppliermail.com,219,D,8,Snacks,10
P135,Biscuits,Crackers,Naga,171,01-01-2027,Green Farms,9861936869,greenfarms@suppliermail.com,171,D,8,Snacks,10
P136,Biscuits,Marie,Daily Choice,901,05-12-2027,Nova Suppliers,9840962540,novasuppliers@suppliermail.com,467,D,8,Snacks,10
P137,Biscuits,Good Day,Naga,762,03-06-2027,Fresh Foods,9838661501,freshfoods@suppliermail.com,20,D,8,Snacks,10
P138,Biscuits,Oreo,Royal,391,21-01-2027,City Wholesale,9881388109,citywholesale@suppliermail.com,371,D,8,Snacks,10
P139,Biscuits,Marie,SmartBuy,933,13-10-2027,Nova Suppliers,9880124520,novasuppliers@suppliermail.com,404,D,8,Snacks,10
P140,Biscuits,Good Day,Fortune,52,06-09-2027,Fresh Foods,9871534470,freshfoods@suppliermail.com,90,D,8,Snacks,10
P141,Biscuits,Oreo,Naga,423,04-02-2027,South Agro,9891039163,southagro@suppliermail.com,289,D,8,Snacks,10
P142,Biscuits,Marie,Royal,511,03-02-2027,Green Farms,9887527675,greenfarms@suppliermail.com,240,D,8,Snacks,10
P143,Biscuits,Good Day,Classic,883,28-01-2027,South Agro,9813396017,southagro@suppliermail.com,472,D,8,Snacks,10
P144,Biscuits,Good Day,Amul,207,19-04-2027,ABC Traders,9896073124,abctraders@suppliermail.com,405,D,8,Snacks,10
P145,Bakery,Bun,Daily Choice,980,11-08-2027,City Wholesale,9898532590,citywholesale@suppliermail.com,478,D,8,Snacks,10
P146,Bakery,Bread,Naga,356,01-09-2027,Green Farms,9847043936,greenfarms@suppliermail.com,179,D,8,Snacks,10
P147,Bakery,Cake,Daily Choice,250,20-06-2027,Green Farms,9853327506,greenfarms@suppliermail.com,457,D,8,Snacks,10
P148,Bakery,Cake,SmartBuy,823,26-11-2027,City Wholesale,9818756993,citywholesale@suppliermail.com,373,D,8,Snacks,10
P149,Bakery,Bun,Premium,36,24-01-2027,City Wholesale,9844007213,citywholesale@suppliermail.com,58,D,8,Snacks,10
P150,Bakery,Cake,Amul,677,24-12-2027,Fresh Foods,9851419069,freshfoods@suppliermail.com,449,D,8,Snacks,10
P151,Bakery,Bun,SmartBuy,422,24-09-2027,Fresh Foods,9873951570,freshfoods@suppliermail.com,348,D,8,Snacks,10
P152,Bakery,Rusk,Fortune,643,27-11-2027,Green Farms,9857958114,greenfarms@suppliermail.com,268,D,8,Snacks,10
P153,Bakery,Bun,Aashirvaad,599,03-02-2027,Fresh Foods,9823861751,freshfoods@suppliermail.com,258,D,8,Snacks,10
P154,Bakery,Bread,Classic,315,10-07-2027,Green Farms,9846487073,greenfarms@suppliermail.com,198,D,8,Snacks,10
P155,Bakery,Cake,Premium,474,24-08-2027,Green Farms,9812917436,greenfarms@suppliermail.com,156,D,8,Snacks,10
P156,Chips,Banana Chips,SmartBuy,39,01-05-2027,Fresh Foods,9841626717,freshfoods@suppliermail.com,20,D,9,Snacks,10
P157,Chips,Potato Chips,Fortune,439,08-08-2027,ABC Traders,9833297109,abctraders@suppliermail.com,404,D,9,Snacks,10
P158,Chips,Banana Chips,Fresh Farm,104,03-07-2027,City Wholesale,9863466303,citywholesale@suppliermail.com,228,D,9,Snacks,10
P159,Chips,Potato Chips,SmartBuy,930,06-05-2027,City Wholesale,9852631681,citywholesale@suppliermail.com,443,D,9,Snacks,10
P160,Chips,Banana Chips,Premium,182,14-03-2027,South Agro,9843132015,southagro@suppliermail.com,477,D,9,Snacks,10
P161,Chips,Nachos,Royal,914,14-10-2027,Fresh Foods,9836241785,freshfoods@suppliermail.com,282,D,9,Snacks,10
P162,Chips,Potato Chips,Royal,434,25-09-2027,Fresh Foods,9851424970,freshfoods@suppliermail.com,322,D,9,Snacks,10
P163,Chips,Potato Chips,Amul,469,04-05-2027,Nova Suppliers,9894219388,novasuppliers@suppliermail.com,95,D,9,Snacks,10
P164,Chips,Banana Chips,Daily Choice,750,09-07-2027,ABC Traders,9851580179,abctraders@suppliermail.com,486,D,9,Snacks,10
P165,Chips,Potato Chips,Fresh Farm,893,08-05-2027,ABC Traders,9884317651,abctraders@suppliermail.com,298,D,9,Snacks,10
P166,Chips,Nachos,SmartBuy,399,05-10-2027,City Wholesale,9881283488,citywholesale@suppliermail.com,234,D,9,Snacks,10
P167,Chips,Potato Chips,Daily Choice,905,07-06-2027,ABC Traders,9895641745,abctraders@suppliermail.com,208,D,9,Snacks,10
P168,Drinks,Energy Drink,Aashirvaad,62,04-07-2027,Fresh Foods,9860085347,freshfoods@suppliermail.com,192,D,9,Snacks,10
P169,Drinks,Orange Drink,Classic,385,27-03-2027,Nova Suppliers,9821446981,novasuppliers@suppliermail.com,42,D,9,Snacks,10
P170,Drinks,Energy Drink,Classic,524,06-02-2027,Nova Suppliers,9897101061,novasuppliers@suppliermail.com,149,D,9,Snacks,10
P171,Drinks,Cola,Amul,829,03-10-2027,Green Farms,9824145151,greenfarms@suppliermail.com,282,D,9,Snacks,10
P172,Drinks,Cola,Royal,378,27-10-2027,Nova Suppliers,9870057436,novasuppliers@suppliermail.com,205,D,9,Snacks,10
P173,Drinks,Orange Drink,Aashirvaad,30,28-08-2027,Fresh Foods,9810007879,freshfoods@suppliermail.com,337,D,9,Snacks,10
P174,Drinks,Cola,Amul,457,02-06-2027,Nova Suppliers,9854086180,novasuppliers@suppliermail.com,433,D,9,Snacks,10
P175,Drinks,Energy Drink,Naga,836,17-09-2027,Green Farms,9825239575,greenfarms@suppliermail.com,413,D,9,Snacks,10
P176,Drinks,Cola,Daily Choice,526,05-06-2027,ABC Traders,9890612566,abctraders@suppliermail.com,226,D,9,Snacks,10
P177,Drinks,Cola,Naga,968,22-11-2027,Nova Suppliers,9811334087,novasuppliers@suppliermail.com,430,D,9,Snacks,10
P178,Drinks,Cola,Fortune,68,08-03-2027,Nova Suppliers,9856322316,novasuppliers@suppliermail.com,419,D,9,Snacks,10
P179,Drinks,Mango Drink,Naga,842,20-12-2027,ABC Traders,9835465487,abctraders@suppliermail.com,196,D,9,Snacks,10
P180,Drinks,Mango Drink,Amul,915,10-11-2027,City Wholesale,9854352041,citywholesale@suppliermail.com,444,D,9,Snacks,10
P181,Drinks,Mango Drink,SmartBuy,112,25-02-2027,Nova Suppliers,9827669170,novasuppliers@suppliermail.com,227,D,9,Snacks,10
P182,Drinks,Cola,Aashirvaad,727,03-01-2027,Green Farms,9838097187,greenfarms@suppliermail.com,281,D,9,Snacks,10
P183,Ice Creams,Strawberry,Daily Choice,20,06-01-2027,Green Farms,9877301917,greenfarms@suppliermail.com,488,Frezzer Box,Frezzer Box,Desserts,10
P184,Ice Creams,Strawberry,Fresh Farm,97,12-08-2027,Nova Suppliers,9836410466,novasuppliers@suppliermail.com,439,Frezzer Box,Frezzer Box,Desserts,10
P185,Ice Creams,Butterscotch,Fortune,957,01-11-2027,ABC Traders,9858620838,abctraders@suppliermail.com,168,Frezzer Box,Frezzer Box,Desserts,10
P186,Ice Creams,Strawberry,SmartBuy,712,03-10-2027,City Wholesale,9842529966,citywholesale@suppliermail.com,474,Frezzer Box,Frezzer Box,Desserts,10
P187,Ice Creams,Vanilla,Naga,926,25-10-2027,Green Farms,9820053990,greenfarms@suppliermail.com,20,Frezzer Box,Frezzer Box,Desserts,10
P188,Ice Creams,Butterscotch,Fresh Farm,341,27-06-2027,City Wholesale,9836322314,citywholesale@suppliermail.com,418,Frezzer Box,Frezzer Box,Desserts,10
P189,Ice Creams,Chocolate,Naga,733,06-06-2027,Nova Suppliers,9820650485,novasuppliers@suppliermail.com,204,Frezzer Box,Frezzer Box,Desserts,10
P190,Ice Creams,Strawberry,Fresh Farm,303,28-07-2027,South Agro,9875241723,southagro@suppliermail.com,225,Frezzer Box,Frezzer Box,Desserts,10
P191,Ice Creams,Vanilla,Classic,925,17-04-2027,ABC Traders,9824536562,abctraders@suppliermail.com,466,Frezzer Box,Frezzer Box,Desserts,10
P192,Ice Creams,Vanilla,Classic,374,24-12-2027,South Agro,9876479512,southagro@suppliermail.com,244,Frezzer Box,Frezzer Box,Desserts,10
P193,Chocolates,Dark Chocolate,Amul,500,22-02-2027,City Wholesale,9827997773,citywholesale@suppliermail.com,39,D,9,Happy to Eat,10
P194,Chocolates,Milk Chocolate,Fresh Farm,889,07-05-2027,ABC Traders,9818842541,abctraders@suppliermail.com,437,D,9,Happy to Eat,10
P195,Chocolates,Milk Chocolate,Classic,740,08-08-2027,Fresh Foods,9829595466,freshfoods@suppliermail.com,276,D,9,Happy to Eat,10
P196,Chocolates,Dark Chocolate,Fresh Farm,362,24-03-2027,South Agro,9893803555,southagro@suppliermail.com,256,D,9,Happy to Eat,10
P197,Chocolates,Milk Chocolate,Royal,659,18-06-2027,South Agro,9879745217,southagro@suppliermail.com,378,D,9,Happy to Eat,10
P198,Chocolates,Wafer Chocolate,Fresh Farm,837,23-03-2027,Green Farms,9888180486,greenfarms@suppliermail.com,380,D,9,Happy to Eat,10
P199,Chocolates,Milk Chocolate,SmartBuy,536,01-02-2027,Fresh Foods,9897757930,freshfoods@suppliermail.com,167,D,9,Happy to Eat,10
P200,Chocolates,Milk Chocolate,Aashirvaad,78,16-04-2027,Green Farms,9892281661,greenfarms@suppliermail.com,389,D,9,Happy to Eat,10
P201,Chocolates,Milk Chocolate,Naga,115,21-12-2027,City Wholesale,9865051840,citywholesale@suppliermail.com,386,D,9,Happy to Eat,10
P202,Chocolates,Wafer Chocolate,Classic,506,25-03-2027,ABC Traders,9865498666,abctraders@suppliermail.com,488,D,9,Happy to Eat,10
P203,Chocolates,Milk Chocolate,Classic,924,06-12-2027,City Wholesale,9887382808,citywholesale@suppliermail.com,480,D,9,Happy to Eat,10
P204,Chocolates,Wafer Chocolate,Naga,754,10-12-2027,ABC Traders,9877939490,abctraders@suppliermail.com,463,D,9,Happy to Eat,10
P205,Chocolates,Wafer Chocolate,Fresh Farm,695,14-02-2027,Fresh Foods,9895552553,freshfoods@suppliermail.com,45,D,9,Happy to Eat,10
P206,Chocolates,Dark Chocolate,Daily Choice,262,22-06-2027,Nova Suppliers,9898364281,novasuppliers@suppliermail.com,452,D,9,Happy to Eat,10
P207,Tea,Masala Tea,SmartBuy,820,15-07-2027,South Agro,9888606278,southagro@suppliermail.com,260,E,10,Refresh Drink ,10
P208,Tea,Masala Tea,Premium,489,16-12-2027,City Wholesale,9852196190,citywholesale@suppliermail.com,271,E,10,Refresh Drink ,10
P209,Tea,Masala Tea,Fortune,732,11-08-2027,ABC Traders,9833553389,abctraders@suppliermail.com,313,E,10,Refresh Drink ,10
P210,Tea,Green Tea,Premium,961,20-02-2027,City Wholesale,9843927196,citywholesale@suppliermail.com,390,E,10,Refresh Drink ,10
P211,Tea,Dust Tea,Fortune,679,25-04-2027,Fresh Foods,9888053779,freshfoods@suppliermail.com,182,E,10,Refresh Drink ,10
P212,Tea,Green Tea,Amul,977,05-03-2027,City Wholesale,9873952298,citywholesale@suppliermail.com,352,E,10,Refresh Drink ,10
P213,Tea,Green Tea,SmartBuy,640,20-09-2027,Green Farms,9822854124,greenfarms@suppliermail.com,435,E,10,Refresh Drink ,10
P214,Tea,Dust Tea,Classic,120,01-09-2027,Green Farms,9893792011,greenfarms@suppliermail.com,276,E,10,Refresh Drink ,10
P215,Tea,Masala Tea,SmartBuy,514,18-03-2027,City Wholesale,9850930366,citywholesale@suppliermail.com,122,E,10,Refresh Drink ,10
P216,Tea,Green Tea,Fortune,630,19-03-2027,City Wholesale,9824404992,citywholesale@suppliermail.com,242,E,10,Refresh Drink ,10
P217,Tea,Green Tea,Classic,424,08-05-2027,City Wholesale,9834415985,citywholesale@suppliermail.com,184,E,10,Refresh Drink ,10
P218,Tea,Masala Tea,Daily Choice,561,10-06-2027,ABC Traders,9841366560,abctraders@suppliermail.com,79,E,10,Refresh Drink ,10
P219,Tea,Masala Tea,Daily Choice,63,02-12-2027,Green Farms,9850504164,greenfarms@suppliermail.com,262,E,10,Refresh Drink ,10
P220,Tea,Dust Tea,Fresh Farm,377,28-01-2027,Green Farms,9837737528,greenfarms@suppliermail.com,438,E,10,Refresh Drink ,10
P221,Tea,Masala Tea,Royal,584,08-01-2027,Green Farms,9895804631,greenfarms@suppliermail.com,177,E,10,Refresh Drink ,10
P222,Tea,Masala Tea,Fortune,608,02-02-2027,ABC Traders,9895949009,abctraders@suppliermail.com,321,E,10,Refresh Drink ,10
P223,Coffee,Instant Coffee,Royal,419,27-08-2027,Fresh Foods,9823234895,freshfoods@suppliermail.com,463,E,10,Refresh Drink ,10
P224,Coffee,Premium Coffee,Classic,113,20-02-2027,City Wholesale,9876448747,citywholesale@suppliermail.com,395,E,10,Refresh Drink ,10
P225,Coffee,Instant Coffee,SmartBuy,664,01-03-2027,ABC Traders,9886864079,abctraders@suppliermail.com,41,E,10,Refresh Drink ,10
P226,Coffee,Filter Coffee,Amul,722,05-03-2027,Green Farms,9824427452,greenfarms@suppliermail.com,249,E,10,Refresh Drink ,10
P227,Coffee,Instant Coffee,Premium,720,22-11-2027,City Wholesale,9828485977,citywholesale@suppliermail.com,300,E,10,Refresh Drink ,10
P228,Coffee,Premium Coffee,SmartBuy,266,19-06-2027,ABC Traders,9841913031,abctraders@suppliermail.com,178,E,10,Refresh Drink ,10
P229,Coffee,Instant Coffee,Daily Choice,36,28-03-2027,Nova Suppliers,9864184611,novasuppliers@suppliermail.com,448,E,10,Sweets,10
P230,Sweets,Halwa,Naga,803,27-04-2027,South Agro,9887591514,southagro@suppliermail.com,482,E,10,Sweets,10
P231,Sweets,Jalebi,Fortune,840,01-12-2027,South Agro,9899168316,southagro@suppliermail.com,192,E,10,Sweets,10
P232,Sweets,Mysore Pak,Amul,767,14-12-2027,Fresh Foods,9895496346,freshfoods@suppliermail.com,177,E,10,Sweets,10
P233,Sweets,Mysore Pak,Classic,510,05-02-2027,Fresh Foods,9881973380,freshfoods@suppliermail.com,471,E,10,Sweets,10
P234,Sweets,Mysore Pak,Amul,346,04-12-2027,Fresh Foods,9873787634,freshfoods@suppliermail.com,456,E,10,Sweets,10
P235,Sweets,Mysore Pak,Classic,100,06-01-2027,ABC Traders,9811294298,abctraders@suppliermail.com,250,E,10,Sweets,10
P236,Sweets,Jalebi,Naga,487,08-02-2027,Nova Suppliers,9898799387,novasuppliers@suppliermail.com,47,E,10,Sweets,10
P237,Sweets,Mysore Pak,Naga,679,15-07-2027,Nova Suppliers,9890303389,novasuppliers@suppliermail.com,81,E,10,Sweets,10
P238,Sweets,Mysore Pak,Classic,931,20-04-2027,Green Farms,9898462659,greenfarms@suppliermail.com,428,E,10,Sweets,10
P239,Sweets,Jalebi,Amul,556,12-08-2027,Fresh Foods,9818679362,freshfoods@suppliermail.com,366,E,10,Sweets,10
P240,Sweets,Laddu,Fresh Farm,370,17-09-2027,South Agro,9895619614,southagro@suppliermail.com,480,E,10,Sweets,10
P241,Sweets,Mysore Pak,Fortune,370,13-06-2027,South Agro,9835801595,southagro@suppliermail.com,64,E,10,Sweets,10
P242,Sweets,Jalebi,Classic,559,02-09-2027,Fresh Foods,9840544225,freshfoods@suppliermail.com,215,E,10,Sweets,10
P243,Bath Items,Bath Sponge,Fresh Farm,448,02-12-2027,Nova Suppliers,9838310006,novasuppliers@suppliermail.com,252,F,11,Self care,10
P244,Bath Items,Bath Sponge,Fresh Farm,459,22-04-2027,South Agro,9876516364,southagro@suppliermail.com,329,F,11,Self care,10
P245,Bath Items,Bath Sponge,Aashirvaad,584,10-04-2027,Nova Suppliers,9872694965,novasuppliers@suppliermail.com,42,F,11,Self care,10
P246,Bath Items,Bath Sponge,Royal,381,18-06-2027,ABC Traders,9881614590,abctraders@suppliermail.com,62,F,11,Self care,10
P247,Bath Items,Bath Sponge,Fortune,416,17-06-2027,Green Farms,9833519329,greenfarms@suppliermail.com,48,F,11,Self care,10
P248,Bath Items,Body Wash,Classic,884,14-12-2027,City Wholesale,9862790669,citywholesale@suppliermail.com,73,F,11,Self care,10
P249,Bath Items,Bath Sponge,Royal,490,21-04-2027,City Wholesale,9867718850,citywholesale@suppliermail.com,497,F,11,Self care,10
P250,Bath Items,Body Wash,Classic,978,07-11-2027,City Wholesale,9884562323,citywholesale@suppliermail.com,174,F,11,Self care,10
P251,Bath Items,Bath Sponge,SmartBuy,509,13-02-2027,Fresh Foods,9893608739,freshfoods@suppliermail.com,49,F,11,Self care,10
P252,Grooming,Face Wash,Fortune,981,11-07-2027,Fresh Foods,9871220457,freshfoods@suppliermail.com,453,F,11,Self care,10
P253,Grooming,Razor,Aashirvaad,672,25-10-2027,ABC Traders,9882273433,abctraders@suppliermail.com,109,F,11,Self care,10
P254,Grooming,Face Wash,SmartBuy,156,09-08-2027,City Wholesale,9858124179,citywholesale@suppliermail.com,33,F,11,Self care,10
P255,Grooming,Razor,Aashirvaad,412,05-09-2027,City Wholesale,9828642920,citywholesale@suppliermail.com,223,F,11,Self care,10
P256,Grooming,Razor,Royal,642,27-01-2027,Green Farms,9898329211,greenfarms@suppliermail.com,420,F,11,Self care,10
P257,Grooming,Face Wash,Aashirvaad,804,22-06-2027,ABC Traders,9892114876,abctraders@suppliermail.com,364,F,11,Self care,10
P258,Grooming,Face Wash,Royal,183,27-07-2027,ABC Traders,9841129454,abctraders@suppliermail.com,458,F,11,Self care,10
P259,Grooming,Face Wash,Fortune,121,12-12-2027,South Agro,9880131908,southagro@suppliermail.com,156,F,11,Self care,10
P260,Grooming,Face Wash,Classic,450,11-01-2027,ABC Traders,9868398542,abctraders@suppliermail.com,95,F,11,Self care,10
P261,Grooming,Razor,Royal,994,06-08-2027,City Wholesale,9835410202,citywholesale@suppliermail.com,340,F,11,Self care,10
P262,Grooming,Razor,Royal,89,26-01-2027,South Agro,9841697044,southagro@suppliermail.com,111,F,11,Self care,10
P263,Baby Care,Baby Lotion,Classic,200,28-05-2027,ABC Traders,9826942049,abctraders@suppliermail.com,80,F,11,Self care,10
P264,Baby Care,Baby Soap,Daily Choice,968,20-10-2027,ABC Traders,9834509801,abctraders@suppliermail.com,235,F,11,Self care,10
P265,Baby Care,Baby Soap,Premium,686,13-09-2027,Green Farms,9864385959,greenfarms@suppliermail.com,229,F,11,Self care,10
P266,Baby Care,Baby Powder,Naga,119,26-06-2027,South Agro,9859917606,southagro@suppliermail.com,439,F,11,Self care,10
P267,Baby Care,Baby Lotion,Royal,362,23-03-2027,ABC Traders,9881383739,abctraders@suppliermail.com,496,F,11,Self care,10
P268,Baby Care,Baby Lotion,Royal,943,13-10-2027,Green Farms,9852308244,greenfarms@suppliermail.com,74,F,11,Self care,10
P269,Baby Care,Baby Lotion,Premium,952,07-02-2027,ABC Traders,9826769197,abctraders@suppliermail.com,116,F,11,Self care,10
P270,Baby Care,Baby Soap,Royal,395,02-12-2027,ABC Traders,9823808091,abctraders@suppliermail.com,82,F,11,Self care,10
P271,Baby Care,Baby Powder,Daily Choice,989,07-12-2027,City Wholesale,9858452859,citywholesale@suppliermail.com,382,F,11,Self care,10
P272,Baby Care,Baby Lotion,Fresh Farm,141,14-07-2027,ABC Traders,9829829005,abctraders@suppliermail.com,368,F,11,Self care,10
P273,Baby Care,Baby Soap,Naga,938,17-09-2027,Green Farms,9896386255,greenfarms@suppliermail.com,263,F,11,Self care,10
P274,Baby Care,Baby Soap,Fresh Farm,48,03-09-2027,Nova Suppliers,9876291598,novasuppliers@suppliermail.com,87,F,11,Self care,10
P275,Hair Oil,Herbal Hair Oil,Aashirvaad,303,18-11-2027,ABC Traders,9812062638,abctraders@suppliermail.com,360,F,11,Self care,10
P276,Hair Oil,Amla Hair Oil,Amul,417,22-01-2027,Green Farms,9814711317,greenfarms@suppliermail.com,46,F,11,Self care,10
P277,Hair Oil,Amla Hair Oil,Classic,406,22-09-2027,City Wholesale,9819655977,citywholesale@suppliermail.com,269,F,11,Self care,10
P278,Hair Oil,Amla Hair Oil,Aashirvaad,998,07-05-2027,City Wholesale,9838167912,citywholesale@suppliermail.com,262,F,11,Self care,10
P279,Hair Oil,Coconut Hair Oil,Premium,960,09-11-2027,South Agro,9834172224,southagro@suppliermail.com,42,F,11,Self care,10
P280,Hair Oil,Coconut Hair Oil,Classic,900,09-02-2027,Nova Suppliers,9857822921,novasuppliers@suppliermail.com,269,F,11,Self care,10
P281,Hair Oil,Amla Hair Oil,Classic,79,06-06-2027,Green Farms,9824094400,greenfarms@suppliermail.com,82,F,11,Self care,10
P282,Hair Oil,Herbal Hair Oil,Fortune,76,23-07-2027,Nova Suppliers,9814418946,novasuppliers@suppliermail.com,144,F,11,Self care,10
P283,Hair Oil,Herbal Hair Oil,Classic,94,14-08-2027,ABC Traders,9830168749,abctraders@suppliermail.com,477,F,11,Self care,10
P284,Hair Oil,Coconut Hair Oil,Aashirvaad,148,16-08-2027,ABC Traders,9835503595,abctraders@suppliermail.com,322,F,11,Self care,10
P285,Hair Oil,Amla Hair Oil,Daily Choice,995,18-03-2027,ABC Traders,9896282042,abctraders@suppliermail.com,211,F,11,Self care,10
P286,Hair Oil,Amla Hair Oil,Classic,538,04-01-2027,Fresh Foods,9885144828,freshfoods@suppliermail.com,196,F,11,Self care,10
P287,Hair Oil,Herbal Hair Oil,Fortune,669,17-04-2027,City Wholesale,9860850444,citywholesale@suppliermail.com,326,F,11,Self care,10
P288,Hair Oil,Amla Hair Oil,SmartBuy,978,19-07-2027,City Wholesale,9864190936,citywholesale@suppliermail.com,236,F,11,Self care,10
P289,Hair Oil,Herbal Hair Oil,Classic,674,11-05-2027,Nova Suppliers,9858283256,novasuppliers@suppliermail.com,37,F,11,Self care,10
P290,Hair Oil,Coconut Hair Oil,Naga,220,04-11-2027,Fresh Foods,9849383959,freshfoods@suppliermail.com,33,F,11,Self care,10
P291,Hair Oil,Amla Hair Oil,Classic,665,05-05-2027,Green Farms,9815901905,greenfarms@suppliermail.com,375,F,11,Self care,10
P292,Hair Oil,Coconut Hair Oil,Aashirvaad,777,28-02-2027,Nova Suppliers,9882557116,novasuppliers@suppliermail.com,451,F,11,Self care,10
P293,Soaps,Moisturizing Soap,Premium,981,15-07-2027,South Agro,9867484587,southagro@suppliermail.com,43,G,12,Self care,10
P294,Soaps,Moisturizing Soap,Daily Choice,312,23-08-2027,City Wholesale,9865910930,citywholesale@suppliermail.com,238,G,12,Self care,10
P295,Soaps,Moisturizing Soap,Daily Choice,420,25-05-2027,Nova Suppliers,9898390151,novasuppliers@suppliermail.com,276,G,12,Self care,10
P296,Soaps,Herbal Soap,Daily Choice,892,18-09-2027,Fresh Foods,9840056599,freshfoods@suppliermail.com,432,G,12,Self care,10
P297,Soaps,Moisturizing Soap,Naga,51,02-06-2027,ABC Traders,9813854273,abctraders@suppliermail.com,321,G,12,Self care,10
P298,Soaps,Moisturizing Soap,SmartBuy,128,24-03-2027,City Wholesale,9862955043,citywholesale@suppliermail.com,134,G,12,Self care,10
P299,Soaps,Moisturizing Soap,Royal,59,21-07-2027,ABC Traders,9897252740,abctraders@suppliermail.com,182,G,12,Self care,10
P300,Soaps,Herbal Soap,SmartBuy,148,10-02-2027,Nova Suppliers,9835913502,novasuppliers@suppliermail.com,93,G,12,Self care,10
P301,Soaps,Herbal Soap,SmartBuy,162,19-06-2027,Green Farms,9839857123,greenfarms@suppliermail.com,250,G,12,Self care,10
P302,Soaps,Bath Soap,Amul,392,27-09-2027,Fresh Foods,9883382831,freshfoods@suppliermail.com,177,G,12,Self care,10
P303,Soaps,Herbal Soap,Fresh Farm,731,16-04-2027,Nova Suppliers,9865010453,novasuppliers@suppliermail.com,73,G,12,Self care,10
P304,Soaps,Moisturizing Soap,Amul,657,17-01-2027,Nova Suppliers,9838636960,novasuppliers@suppliermail.com,141,G,12,Self care,10
P305,Soaps,Herbal Soap,Fortune,645,11-11-2027,ABC Traders,9836950465,abctraders@suppliermail.com,28,G,12,Self care,10
P306,Skin Care,Moisturizer,Classic,506,08-07-2027,Fresh Foods,9890953245,freshfoods@suppliermail.com,79,G,12,Self care,10
P307,Skin Care,Moisturizer,Royal,845,21-04-2027,Green Farms,9841896719,greenfarms@suppliermail.com,292,G,12,Self care,10
P308,Skin Care,Face Cream,Naga,140,17-02-2027,ABC Traders,9818112194,abctraders@suppliermail.com,496,G,12,Self care,10
P309,Skin Care,Moisturizer,Premium,710,12-11-2027,City Wholesale,9873105769,citywholesale@suppliermail.com,209,G,12,Self care,10
P310,Skin Care,Face Cream,Premium,283,14-10-2027,South Agro,9852071235,southagro@suppliermail.com,305,G,12,Self care,10
P311,Skin Care,Moisturizer,Naga,377,25-09-2027,ABC Traders,9833962819,abctraders@suppliermail.com,284,G,12,Self care,10
P312,Skin Care,Moisturizer,Amul,184,18-04-2027,ABC Traders,9849182892,abctraders@suppliermail.com,148,G,12,Self care,10
P313,Skin Care,Face Cream,Classic,990,08-07-2027,Nova Suppliers,9849987579,novasuppliers@suppliermail.com,205,G,12,Self care,10
P314,Skin Care,Face Cream,Amul,276,13-10-2027,City Wholesale,9824619059,citywholesale@suppliermail.com,346,G,12,Self care,10
P315,Skin Care,Face Cream,Fortune,941,09-02-2027,Fresh Foods,9875400083,freshfoods@suppliermail.com,312,G,12,Self care,10
P316,Skin Care,Moisturizer,SmartBuy,722,06-03-2027,Green Farms,9824667026,greenfarms@suppliermail.com,32,G,12,Self care,10
P317,Skin Care,Moisturizer,Premium,934,13-03-2027,City Wholesale,9834994846,citywholesale@suppliermail.com,254,G,12,Self care,10
P318,Skin Care,Sunscreen,Amul,346,04-02-2027,Fresh Foods,9889663944,freshfoods@suppliermail.com,28,G,12,Self care,10
P319,Skin Care,Moisturizer,Classic,116,16-10-2027,City Wholesale,9857985718,citywholesale@suppliermail.com,217,G,12,Self care,10
P320,Skin Care,Sunscreen,Fortune,930,22-08-2027,City Wholesale,9855493604,citywholesale@suppliermail.com,379,G,12,Self care,10
P321,Skin Care,Sunscreen,Naga,131,22-07-2027,South Agro,9851718226,southagro@suppliermail.com,369,G,12,Self care,10
P322,Fragrances,Body Mist,Aashirvaad,222,22-04-2027,Green Farms,9884871801,greenfarms@suppliermail.com,453,G,12,Self care,10
P323,Fragrances,Body Mist,Classic,912,26-06-2027,Green Farms,9870020294,greenfarms@suppliermail.com,366,G,12,Self care,10
P324,Fragrances,Deodorant,Aashirvaad,159,14-09-2027,City Wholesale,9812045885,citywholesale@suppliermail.com,30,G,12,Self care,10
P325,Fragrances,Deodorant,Classic,773,10-03-2027,City Wholesale,9831203386,citywholesale@suppliermail.com,246,G,12,Self care,10
P326,Fragrances,Deodorant,Daily Choice,486,20-09-2027,City Wholesale,9824966171,citywholesale@suppliermail.com,198,G,12,Self care,10
P327,Fragrances,Deodorant,Royal,674,18-12-2027,ABC Traders,9844916000,abctraders@suppliermail.com,207,G,12,Self care,10
P328,Fragrances,Perfume,Daily Choice,965,28-08-2027,South Agro,9882762300,southagro@suppliermail.com,55,G,12,Self care,10
P329,Fragrances,Deodorant,Royal,403,26-08-2027,Green Farms,9891674798,greenfarms@suppliermail.com,32,G,12,Self care,10
P330,Fragrances,Body Mist,Royal,72,04-11-2027,Fresh Foods,9877071610,freshfoods@suppliermail.com,217,G,12,Self care,10
P331,Fragrances,Deodorant,Daily Choice,848,25-10-2027,Fresh Foods,9868110644,freshfoods@suppliermail.com,216,G,12,Self care,10
P332,Fragrances,Perfume,Classic,604,17-04-2027,City Wholesale,9884722530,citywholesale@suppliermail.com,369,G,12,Self care,10
P333,Fragrances,Deodorant,Daily Choice,739,04-08-2027,City Wholesale,9848017033,citywholesale@suppliermail.com,142,G,12,Self care,10
P334,Fragrances,Body Mist,Royal,387,13-10-2027,ABC Traders,9887508869,abctraders@suppliermail.com,44,G,12,Self care,10
P335,Detergent Wash,Liquid Detergent,Fresh Farm,988,19-04-2027,Fresh Foods,9874206195,freshfoods@suppliermail.com,211,G,12,Self care,10
P336,Detergent Wash,Detergent Powder,Royal,327,16-12-2027,Green Farms,9884117816,greenfarms@suppliermail.com,346,G,12,Cleaning,10
P337,Detergent Wash,Liquid Detergent,Daily Choice,612,10-01-2027,Nova Suppliers,9892945934,novasuppliers@suppliermail.com,351,G,12,Cleaning,10
P338,Detergent Wash,Liquid Detergent,Aashirvaad,307,14-03-2027,ABC Traders,9812070160,abctraders@suppliermail.com,80,G,12,Cleaning,10
P339,Detergent Wash,Detergent Powder,Royal,523,04-02-2027,South Agro,9813047983,southagro@suppliermail.com,231,G,12,Cleaning,10
P340,Detergent Wash,Liquid Detergent,Fortune,369,14-02-2027,Green Farms,9816672883,greenfarms@suppliermail.com,446,G,12,Cleaning,10
P341,Detergent Wash,Liquid Detergent,Amul,218,24-01-2027,Nova Suppliers,9814872421,novasuppliers@suppliermail.com,435,G,12,Cleaning,10
P342,Detergent Wash,Liquid Detergent,Aashirvaad,799,10-10-2027,City Wholesale,9870098581,citywholesale@suppliermail.com,285,G,12,Cleaning,10
P343,Detergent Wash,Liquid Detergent,Amul,874,13-08-2027,South Agro,9862474222,southagro@suppliermail.com,209,G,12,Cleaning,10
P344,Detergent Wash,Liquid Detergent,Fortune,552,09-08-2027,City Wholesale,9848751074,citywholesale@suppliermail.com,52,G,12,Cleaning,10
P345,Detergent Wash,Detergent Powder,Daily Choice,365,03-01-2027,City Wholesale,9880419950,citywholesale@suppliermail.com,466,G,12,Cleaning,10
P346,Detergent Wash,Liquid Detergent,Classic,375,08-11-2027,ABC Traders,9868341710,abctraders@suppliermail.com,363,G,12,Cleaning,10
P347,Detergent Wash,Liquid Detergent,Amul,547,21-02-2027,Green Farms,9844501573,greenfarms@suppliermail.com,100,G,12,Cleaning,10
P348,Detergent Soaps,Washing Bar,Aashirvaad,930,16-08-2027,Fresh Foods,9884300476,freshfoods@suppliermail.com,300,G,12,Cleaning,10
P349,Detergent Soaps,Laundry Soap,Amul,105,21-12-2027,Green Farms,9826785522,greenfarms@suppliermail.com,460,G,12,Cleaning,10
P350,Detergent Soaps,Laundry Soap,Aashirvaad,778,18-03-2027,Nova Suppliers,9851963394,novasuppliers@suppliermail.com,92,G,12,Cleaning,10
P351,Detergent Soaps,Washing Bar,Daily Choice,98,25-09-2027,South Agro,9833359800,southagro@suppliermail.com,365,G,12,Cleaning,10
P352,Detergent Soaps,Laundry Soap,Classic,587,21-06-2027,City Wholesale,9816415085,citywholesale@suppliermail.com,255,G,12,Cleaning,10
P353,Detergent Soaps,Washing Bar,SmartBuy,22,22-04-2027,City Wholesale,9865306598,citywholesale@suppliermail.com,30,G,12,Cleaning,10
P354,Detergent Soaps,Laundry Soap,Fresh Farm,386,27-10-2027,South Agro,9872708288,southagro@suppliermail.com,364,G,12,Cleaning,10
P355,Detergent Soaps,Laundry Soap,Classic,607,05-09-2027,City Wholesale,9896872158,citywholesale@suppliermail.com,55,G,12,Cleaning,10
P356,Detergent Soaps,Laundry Soap,Amul,597,25-06-2027,Green Farms,9883817463,greenfarms@suppliermail.com,450,G,12,Cleaning,10
P357,Detergent Soaps,Laundry Soap,Premium,406,14-07-2027,ABC Traders,9845913122,abctraders@suppliermail.com,199,G,12,Cleaning,10
P358,Detergent Soaps,Laundry Soap,Naga,592,07-01-2027,Fresh Foods,9845020454,freshfoods@suppliermail.com,104,G,12,Cleaning,10
P359,Detergent Soaps,Laundry Soap,SmartBuy,175,13-01-2027,Green Farms,9879882904,greenfarms@suppliermail.com,490,G,12,Cleaning,10
,,,,,,,,,,,,,
,,,,,,,,,,,,,
,,,,,,,,,,,,,
,,,,,,,,,,,,,
,,,,,,,,,,,,,
,,,,,,,,,,,,,
,,,,,,,,,,,,,
,,,,,,,,,,,,,
,,,,,,,,,,,,,
,,,,,,,,,,,,,
,,,,,,,,,,,,,
,,,,,,,,,,,,,
,,,,,,,,,,,,,
,,,,,,,,,,,,,
,,,,,,,,,,,,,
,,,,,,,,,,,,,
,,,,,,,,,,,,,
,,,,,,,,,,,,,
,,,,,,,,,,,,,
,,,,,,,,,,,,,
,,,,,,,,,,,,,
,,,,,,,,,,,,,
,,,,,,,,,,,,,
 ,,,,,,,,,,,,,